Models,,GCN,GCN,GCN,GCN,GCN,GCN,GAT,GAT,GAT,GAT,GAT,GAT
Masks,,High-only,Low-only,Mix-0.5,Mix-0.3H,Mix-0.7H,Mix-Div,High-only,Low-only,Mix-0.5,Mix-0.3H,Mix-0.7H,Mix-Div
Dataset,Compression ratio,,,,,,,,,,,,
cora,0.5,62.800002098083496,74.40000176429749,67.10000038146973,69.9999988079071,67.79999732971191,70.89999914169312,65.10000228881836,74.19999837875366,68.69999766349792,70.80000042915344,64.80000019073486,73.29999804496765
cora,0.3,53.29999923706055,70.49999833106995,54.19999957084656,63.499999046325684,52.399998903274536,57.999998331069946,52.10000276565552,64.30000066757202,53.50000262260437,60.9000027179718,63.80000114440918,53.39999794960022
citeseer,0.5,59.3999981880188,66.10000133514404,60.69999933242798,63.200002908706665,62.300002574920654,60.29999852180481,56.40000104904175,60.19999980926514,60.19999980926514,62.09999918937683,61.69999837875366,61.400002241134644
citeseer,0.3,53.60000133514404,61.799997091293335,50.40000081062317,53.200000524520874,52.49999761581421,57.70000219345093,57.40000009536743,57.59999752044678,56.09999895095825,59.10000205039978,51.30000114440918,57.30000138282776
