Models,,GCN,GCN,GCN,GCN,GCN,GCN,GAT,GAT,GAT,GAT,GAT,GAT
Masks,,High-only,Low-only,Mix-0.5,Mix-0.3H,Mix-0.7H,Mix-Div,High-only,Low-only,Mix-0.5,Mix-0.3H,Mix-0.7H,Mix-Div
Dataset,Compression ratio,,,,,,,,,,,,
cora,0.5,64.80000019073486,75.09999871253967,70.3000009059906,64.99999761581421,67.10000038146973,70.3000009059906,67.00000166893005,69.9999988079071,67.69999861717224,69.49999928474426,66.29999876022339,64.60000276565552
cora,0.3,52.60000228881836,67.69999861717224,51.39999985694885,58.799999952316284,59.79999899864197,61.900001764297485,46.39999866485596,62.90000081062317,58.20000171661377,53.39999794960022,59.10000205039978,64.30000066757202
citeseer,0.5,60.19999980926514,65.49999713897705,61.59999966621399,62.99999952316284,59.700000286102295,59.50000286102295,56.49999976158142,59.79999899864197,61.59999966621399,59.20000076293945,60.100001096725464,59.10000205039978
citeseer,0.3,54.79999780654907,63.200002908706665,51.99999809265137,56.40000104904175,51.80000066757202,51.80000066757202,52.99999713897705,57.499998807907104,48.500001430511475,54.500001668930054,48.39999973773956,52.49999761581421
