Models,,GCN,GCN,GCN,GCN,GCN,GCN,GAT,GAT,GAT,GAT,GAT,GAT
Masks,,High-only,Low-only,Mix-0.5,Mix-0.3H,Mix-0.7H,Mix-Div,High-only,Low-only,Mix-0.5,Mix-0.3H,Mix-0.7H,Mix-Div
Dataset,Compression ratio,,,,,,,,,,,,
cora,0.5,64.0999972820282,74.40000176429749,67.29999780654907,68.19999814033508,68.19999814033508,71.60000205039978,67.29999780654907,74.19999837875366,68.00000071525574,70.70000171661377,65.79999923706055,73.29999804496765
cora,0.3,54.29999828338623,70.49999833106995,55.000001192092896,63.499999046325684,53.39999794960022,58.30000042915344,53.79999876022339,64.30000066757202,52.10000276565552,60.39999723434448,63.70000243186951,52.70000100135803
citeseer,0.5,59.20000076293945,66.10000133514404,63.200002908706665,63.40000033378601,63.70000243186951,60.39999723434448,62.800002098083496,62.59999871253967,60.69999933242798,62.300002574920654,63.70000243186951,63.30000162124634
citeseer,0.3,54.79999780654907,61.799997091293335,51.899999380111694,54.40000295639038,54.100000858306885,59.3999981880188,56.40000104904175,57.59999752044678,57.40000009536743,58.799999952316284,51.70000195503235,60.69999933242798
