Models,,GCN,GCN,GCN,GCN,GCN,GCN,GAT,GAT,GAT,GAT,GAT,GAT
Masks,,High-only,Low-only,Mix-0.5,Mix-0.3H,Mix-0.7H,Mix-Div,High-only,Low-only,Mix-0.5,Mix-0.3H,Mix-0.7H,Mix-Div
Dataset,Compression ratio,,,,,,,,,,,,
cora,0.5,66.69999957084656,75.09999871253967,70.89999914169312,64.99999761581421,68.59999895095825,70.80000042915344,68.99999976158142,69.9999988079071,67.90000200271606,69.0999984741211,69.40000057220459,64.30000066757202
cora,0.3,52.49999761581421,67.69999861717224,51.99999809265137,58.799999952316284,59.20000076293945,62.09999918937683,48.100000619888306,62.90000081062317,56.80000185966492,53.200000524520874,60.69999933242798,64.80000019073486
citeseer,0.5,60.00000238418579,65.49999713897705,63.40000033378601,65.79999923706055,62.5,61.500000953674316,61.400002241134644,61.29999756813049,65.79999923706055,61.000001430511475,60.9000027179718,64.70000147819519
citeseer,0.3,56.199997663497925,63.200002908706665,53.200000524520874,56.199997663497925,57.099997997283936,55.19999861717224,56.09999895095825,57.499998807907104,55.59999942779541,54.500001668930054,58.09999704360962,55.900001525878906
