Models,,GCN,GCN,GCN,GCN,GCN,GCN,GAT,GAT,GAT,GAT,GAT,GAT
Masks,,High-only,Low-only,Mix-0.5,Mix-0.3H,Mix-0.7H,Mix-Div,High-only,Low-only,Mix-0.5,Mix-0.3H,Mix-0.7H,Mix-Div
Dataset,Compression ratio,,,,,,,,,,,,
cora,0.5,65.43333133061726,74.83333349227905,69.26666498184204,66.99999769528706,68.69999965031941,70.13333439826965,68.86666615804036,71.99999888737996,68.33333373069763,70.00000079472859,68.56666604677837,68.46666534741719
cora,0.3,52.79999772707621,68.79999836285909,53.56666644414266,62.69999941190084,55.70000012715658,58.733334143956505,52.36666599909464,64.90000089009602,56.83333476384481,56.633333365122475,62.566667795181274,59.80000098546346
citeseer,0.5,59.53333377838135,65.53333202997844,63.23333382606506,64.46666717529297,62.199999888738,61.43333315849304,62.26666768391927,62.366666396458946,63.799999157587685,62.73333430290222,62.66666849454244,63.933334747950234
citeseer,0.3,56.33333126703898,61.53333385785421,54.53333258628845,54.63333328564962,56.13333384195963,54.86666560173035,56.73333406448364,58.399999141693115,56.166666746139526,55.966667334238686,55.866666634877525,59.59999958674113
